Data,Otwarcie,Najwyzszy,Najnizszy,Zamkniecie,Wolumen
2022-01-03,5310.69,5402.98,5310.69,5382.71,5069558
2022-01-04,5402.36,5434.78,5377.94,5393.03,4163371
2022-01-05,5412.93,5413.77,5377.33,5406.56,3033954
2022-01-07,5409.01,5438.95,5373.16,5434.91,3787513
2022-01-10,5448.92,5466.23,5426.87,5431.53,4672048
2022-01-11,5452,5510.63,5436.36,5479.55,5856061
2022-01-12,5502.69,5551.88,5502.69,5548.4,6870678
2022-01-13,5555.93,5584.52,5513.53,5541.97,8193976
2022-01-14,5539.63,5539.63,5475.46,5493.94,4373077
2022-01-17,5496.91,5506.73,5467.77,5503.15,2824781
2022-01-18,5500.69,5501.72,5406.01,5406.01,6591953
2022-01-19,5374.86,5403.44,5335.99,5369.59,9506077
2022-01-20,5383.64,5388.04,5296.03,5340.54,5691332
2022-01-21,5313.78,5313.78,5211.98,5228.78,7509364
2022-01-24,5199.65,5229.77,4960.09,5026.64,11313344
2022-01-25,4998.4,5104.15,4998.4,5076.46,6404609
2022-01-26,5076.2,5176.08,5076.2,5149.96,4265082
2022-01-27,5142.82,5185.44,5100.77,5175.74,3203367
2022-01-28,5189.88,5195.48,5084.03,5128.54,3984168
2022-01-31,5145.84,5175.19,5101.89,5106.59,3621841
2022-02-01,5123.32,5200.11,5123.32,5176.84,5060272
2022-02-02,5200.94,5272.47,5181.9,5267.56,4356216
2022-02-03,5280.2,5287.24,5250.24,5276.91,3730741
2022-02-04,5283.27,5299.36,5178.41,5225.86,4341492
2022-02-07,5244.44,5266.82,5188.09,5229.31,4095763
2022-02-08,5242.22,5285.1,5233.68,5258.08,6490036
2022-02-09,5266.37,5276.2,5228.85,5244.77,6798845
2022-02-10,5273.6,5279.86,5202.48,5214.65,4580247
2022-02-11,5205.53,5205.53,5100.91,5180.64,3976010
2022-02-14,5109.47,5109.47,4949.66,5014.58,6250809
2022-02-15,5016.9,5182.24,5016.9,5139.59,4438502
2022-02-16,5166.42,5222.75,5114.65,5143.31,3724053
2022-02-17,5141.59,5152.24,5027.77,5030.31,3671557
2022-02-18,5024.92,5072.76,4992.71,5005.57,2522131
2022-02-21,5002.41,5037.45,4820.8,4863.73,5347546
2022-02-22,4800.79,4907.08,4698.43,4903.24,6440049
2022-02-23,4913.66,4962.62,4793.74,4819.57,5462612
2022-02-24,4568.17,4572.31,4133.55,4253.49,20281785
2022-02-25,4287.98,4586.05,4287.98,4569.02,10312432
2022-02-28,4524.15,4589.49,4420.12,4589.49,12582675
2022-03-01,4590.48,4667.93,4436.46,4456.3,9752606
2022-03-02,4441.01,4479.47,4365.51,4447.97,14073129
2022-03-03,4460.21,4490.26,4390.9,4451.4,13253010
2022-03-04,4434.37,4434.37,4197.76,4237.7,10013463
2022-03-07,4226.95,4235.85,4022.22,4209.48,14692826
2022-03-08,4207.33,4291.35,4126.47,4165.89,8523115
2022-03-09,4205.51,4368.06,4205.51,4368.06,9808547
2022-03-10,4406.99,4435.4,4318.92,4340.29,9562613
2022-03-11,4361.36,4421.77,4336.95,4387.18,9203400
2022-03-14,4411.32,4418.25,4355.17,4375.39,8519273
2022-03-15,4374.44,4413.04,4313.67,4385.62,6325060
2022-03-16,4410.36,4562.83,4410.36,4562.83,9698745
2022-03-17,4585.91,4673.77,4585.91,4654.35,11487188
2022-03-18,4670.88,4678.66,4604.47,4671.82,13573547
2022-03-21,4689.64,4725.93,4655.47,4676.65,7241708
2022-03-22,4691.38,4711.99,4667.51,4711.99,12918641
2022-03-23,4732.32,4755.43,4690.32,4732.89,13440106
2022-03-24,4753.43,4795.82,4743.31,4794.88,14119084
2022-03-25,4809.18,4814.79,4739.72,4771.94,12183405
2022-03-28,4780.87,4807.49,4760.45,4761.97,7528083
2022-03-29,4781.48,4879.14,4744.19,4783.94,14338964
2022-03-30,4802.22,4820.16,4764.77,4795.24,10370830
2022-03-31,4805.38,4819.7,4761.31,4778.07,10305633
2022-04-01,4786.4,4815.09,4770.18,4811.87,10198870
2022-04-04,4817.15,4876.56,4817.15,4840.1,11482865
2022-04-05,4850.22,4872.69,4800.53,4816.33,8450007
2022-04-06,4810.25,4816.15,4720.6,4739.74,12213457
2022-04-07,4749.05,4773.56,4701.31,4701.38,8260822
2022-04-08,4718.01,4739.7,4695,4709.1,6810457
2022-04-11,4722.03,4739.46,4673.51,4720.27,9155946
2022-04-12,4726.71,4729.23,4689.06,4709.11,13433014
2022-04-13,4699.01,4722.96,4680.6,4692.24,6409067
2022-04-14,4701.05,4714.32,4660.3,4671.29,7835017
2022-04-19,4686.28,4706.97,4608.36,4666.22,6102267
2022-04-20,4659.97,4702.78,4644.34,4644.34,6107361
2022-04-21,4675.1,4703.48,4630.54,4631.39,7049730
2022-04-22,4638.41,4638.41,4562.64,4562.64,8949257
2022-04-25,4561.05,4561.05,4438.67,4476.76,15795950
2022-04-26,4486.44,4520.05,4444.09,4444.09,8362572
2022-04-27,4431.14,4431.14,4298.09,4321.17,11601042
2022-04-28,4336.39,4392.83,4336.39,4359.89,8057716
2022-04-29,4388.79,4445.36,4354.14,4370.19,12093789
2022-05-02,4374.13,4374.13,4294.09,4321.64,5397540
2022-05-04,4334.57,4349.13,4295.78,4329.37,9432515
2022-05-05,4363.51,4397.75,4247.45,4261.04,12537864
2022-05-06,4259.37,4259.37,4151.05,4218.78,11553948
2022-05-09,4219.43,4237.55,4153.84,4153.84,7567444
2022-05-10,4157.34,4175.05,4094.34,4144.59,7503545
2022-05-11,4173.58,4174.73,4111.54,4129.85,7863846
2022-05-12,4115.97,4115.97,4025.77,4073.54,9690345
2022-05-13,4088.18,4223,4088.18,4223,6931911
2022-05-16,4231.89,4326.12,4231.89,4271.42,7855436
2022-05-17,4283.15,4360.95,4283.15,4326.88,10226516
2022-05-18,4337.43,4398.18,4315.66,4321.62,10684385
2022-05-19,4293.61,4293.61,4234.53,4256.57,6149791
2022-05-20,4273.37,4305.05,4253.18,4254.54,7206089
2022-05-23,4267.72,4358.39,4267.72,4351.23,7978887
2022-05-24,4350.64,4366.56,4299.59,4317.09,8330108
2022-05-25,4338.89,4357.07,4291.88,4299.98,3938969
2022-05-26,4323.54,4329.9,4288.1,4324.49,5095791
2022-05-27,4336.59,4341.45,4294.58,4320.02,5572885
2022-05-30,4304.5,4371.82,4304.5,4370.43,3790769
2022-05-31,4367.86,4369.71,4335.18,4349.02,5802460
2022-06-01,4351.82,4364.81,4305.99,4335.94,4559410
2022-06-02,4344.71,4345.08,4309.22,4320.48,4309898
2022-06-03,4343.3,4353.27,4289.17,4289.17,4246281
2022-06-06,4305.42,4327.3,4295.5,4320.58,3615169
2022-06-07,4317.34,4317.34,4279.9,4306.65,3507713
2022-06-08,4308.57,4309.98,4222.25,4227.18,7562267
2022-06-09,4219.5,4238.41,4182.96,4183.95,4893310
2022-06-10,4180.48,4180.48,4109.51,4123.58,6840853
2022-06-13,4095.61,4095.61,3988.1,3995.49,9034949
2022-06-14,4013.76,4035.69,3963.85,3979.86,5688550
2022-06-15,3973.12,3992.63,3934.94,3992.63,4749950
2022-06-17,3958.35,4002.23,3933.24,3940.71,16479926
2022-06-20,3959.39,4029.92,3957.86,4026.3,6671936
2022-06-21,4043.81,4105.67,4041.78,4105.67,8066168
2022-06-22,4099.18,4099.18,4007.82,4025.87,5105758
2022-06-23,4033.95,4045.21,3967.27,3967.27,5825595
2022-06-24,3969.23,4037.8,3969.23,4026.24,6566409
2022-06-27,4041.86,4085.99,4041.86,4085.99,4347788
2022-06-28,4089.55,4128.45,4079.55,4107.75,4790789.0501882
2022-06-29,4108.5,4172.25,4075.29,4172.25,5325782
2022-06-30,4141.37,4141.37,4046.58,4069.37,5493033.6905065
2022-07-01,4069.32,4097.55,4060.2,4066.98,4588829
2022-07-04,4070.46,4084.8,4024.83,4060.21,7427043
2022-07-05,4058.91,4101.34,3915.66,3954.91,6385370
2022-07-06,3956.72,3987.9,3910.49,3910.49,10363209
2022-07-07,3939.45,4049.4,3939.45,4049.4,6420628
2022-07-08,4004.38,4036.35,3983.47,4031.42,9190840
2022-07-11,4007.75,4033.67,3984.65,4033.67,14594526
2022-07-12,4019.85,4019.85,3942.04,3948.04,8310447
2022-07-13,3961.24,3987.11,3898.63,3933.37,6061006
2022-07-14,3934.89,3957.12,3871.78,3892.34,9745794
2022-07-15,3895.14,3927.07,3884.85,3913.3,7908923
2022-07-18,3931.56,3984.18,3931.56,3981.08,5584735
2022-07-19,3984.29,4019.38,3963.53,4011.17,9008608
2022-07-20,4023.73,4054.87,4008.41,4053.8,8108504
2022-07-21,4050.35,4053.86,4005.69,4031.73,5117355
2022-07-22,4040.62,4078.82,4034.2,4072.11,5773839
2022-07-25,4071.18,4089.3,4046.07,4057.52,4565932
2022-07-26,4054.89,4060.35,3976.37,3976.37,6224542
2022-07-27,3990.75,4002.2,3933.46,3955.55,7576652
2022-07-28,3970.32,3992.42,3959.75,3980.3,4619865
2022-07-29,3992.8,4151.32,3992.8,4151.32,5422889
2022-08-01,4142.42,4155.51,4118.25,4136.22,4509512
2022-08-02,4132.57,4139.79,4102.27,4105.73,7485045
2022-08-03,4121.31,4197.7,4102.83,4197.7,6934875
2022-08-04,4186.85,4186.85,4127.62,4127.62,5352435
2022-08-05,4141.61,4166.76,4104.71,4124.32,5748037
2022-08-08,4131.07,4201.72,4119.3,4188.73,3988779
2022-08-09,4197.49,4219.95,4172.18,4181.2,5585011
2022-08-10,4186.42,4186.42,4129.77,4181.55,5597811
2022-08-11,4178.71,4228.83,4178.71,4220.12,5281706
2022-08-12,4227.81,4255.17,4216.46,4228.93,3086743
2022-08-16,4241.67,4300.99,4238.22,4279.46,5757604
2022-08-17,4288.68,4295.77,4197.49,4214.11,7344198
2022-08-18,4210.93,4214.41,4186.64,4208.13,8700917
2022-08-19,4215.22,4216.94,4118.95,4125.86,6245132
2022-08-22,4115.59,4116.15,4008.74,4040.22,7569954
2022-08-23,4032.02,4072.21,4018.59,4024.53,5869416
2022-08-24,4035.39,4036.7,3949.37,3969.82,5779285
2022-08-25,3985.86,4035.85,3978.59,4006.49,6075599
2022-08-26,4013.62,4025.67,3944.25,3959.61,6855926
2022-08-29,3951.84,3951.84,3848.04,3860.98,7922459
2022-08-30,3877.67,3923.92,3795.81,3795.81,7811248
2022-08-31,3796.13,3859.79,3787.83,3838.57,7757888
2022-09-01,3828.67,3835.93,3769.28,3777.8,8041516
2022-09-02,3791.48,3858.81,3791.48,3858.81,8264875
2022-09-05,3863.28,3877.48,3824.93,3869.16,5141311
2022-09-06,3865.54,3896.39,3818.05,3841.04,7262849
2022-09-07,3834.96,3882.8,3794.3,3872.58,8021753
2022-09-08,3890.15,3934.25,3888.38,3915.93,7579109
2022-09-09,3923.19,4004.05,3923.19,3993.46,6781457
2022-09-12,4002.77,4023.78,3973.61,3995.05,6647208
2022-09-13,4009.7,4026.74,3895.88,3901.79,6484951
2022-09-14,3896.18,3923.61,3867.07,3903.37,5872832
2022-09-15,3918.38,3945.11,3903.75,3909.41,8736810
2022-09-16,3911.15,3912,3774.61,3775.03,13248539
2022-09-19,3779.61,3822.31,3771.55,3822.31,4261865
2022-09-20,3826.81,3847.03,3747.45,3768.31,4448690
2022-09-21,3761.57,3762.16,3710.43,3752.25,4880397
2022-09-22,3754.06,3781.66,3729.16,3777.52,5720906
2022-09-23,3782.07,3791.67,3659.82,3678,5420467
2022-09-26,3657.69,3657.69,3544,3597.78,11482729
2022-09-27,3589.35,3647.28,3589.35,3627.95,6617297
2022-09-28,3620.48,3620.48,3515.58,3612.9,7308692
2022-09-29,3612.98,3627.49,3493.06,3503.5,6209870
2022-09-30,3503.32,3552.54,3502.09,3552.54,6645202
2022-10-03,3539.92,3600.8,3489.63,3600.8,5523483
2022-10-04,3615.44,3713.81,3615.44,3713.81,6023658
2022-10-05,3715.45,3715.45,3625.36,3626.24,3821556
2022-10-06,3643.73,3686.11,3643.73,3667.1,3216963
2022-10-07,3657.98,3663.75,3623.02,3633.99,4598972
2022-10-10,3630.09,3630.09,3550.29,3561.67,5861720
2022-10-11,3569.59,3611.85,3539,3593.37,7165161
2022-10-12,3601.63,3614.59,3572.99,3584.05,5251264
2022-10-13,3586.89,3603.77,3530.32,3581.95,6373311
2022-10-14,3617.17,3657.37,3587.46,3597.96,5993257
2022-10-17,3613.11,3632.98,3581.17,3632.98,3652371
2022-10-18,3642.58,3665.41,3619.54,3637.54,7419198
2022-10-19,3641,3642.3,3566.93,3579.61,6746769
2022-10-20,3586.6,3634.17,3563.19,3621.09,7825714
2022-10-21,3624.02,3625.92,3526.69,3558.81,7186240
2022-10-24,3590.91,3617.02,3566.53,3591.31,10319894
2022-10-25,3605.65,3647.89,3589.41,3620.91,9892644
2022-10-26,3630.72,3711.38,3630.72,3711.38,9044835
2022-10-27,3723.41,3748.66,3698.36,3734.09,7372895
2022-10-28,3733.23,3764.68,3684.83,3747.1,6054564
2022-10-31,3766.74,3824.04,3760.53,3824.04,7133948
2022-11-02,3835.14,3861.79,3826.94,3832.98,13563557
2022-11-03,3818.3,3819.72,3782.99,3799.19,9590194
2022-11-04,3810.49,3937.51,3810.49,3937.51,11175509
2022-11-07,3947.53,4010.33,3927.03,3934.24,20237551
2022-11-08,3940.22,3951.85,3906.41,3931.29,14188441
2022-11-09,3947.85,3969.49,3915.54,3934.35,12720538
2022-11-10,3932.64,3966.5,3864,3958.49,17731630
2022-11-14,3976.48,4052.07,3976.48,4013.7,19867625
2022-11-15,4035.1,4043.44,3959.72,4007.62,19413066.841118
2022-11-16,3976.92,3989.66,3935.35,3965.01,15231377
2022-11-17,3962.51,3967.17,3896.47,3939.24,10352159
2022-11-18,3945.81,3993.2,3916.02,3972.77,10851557
2022-11-21,3979.33,3979.33,3912.63,3913.54,10218310
2022-11-22,3913.77,3988.04,3903.15,3979.74,13279182
2022-11-23,3989.43,4015.49,3973.98,3982.71,12782981
2022-11-24,3992.99,4016.9,3986.13,4016.9,10809873
2022-11-25,4027.38,4073.23,4005.49,4059.51,8689206
2022-11-28,4064.96,4071.83,4034.36,4070.32,7782962
2022-11-29,4076.04,4087.13,4043.67,4087.13,11302366
2022-11-30,4098.66,4142.91,4072.11,4108.81,13015647
2022-12-01,4136.36,4159.61,4120.85,4150.31,13216901
2022-12-02,4152.86,4170.01,4122.35,4170.01,7886711
2022-12-05,4172.75,4199.5,4142.44,4143.76,7257477
2022-12-06,4138.68,4138.68,4049,4049,7723213
2022-12-07,4047.49,4079.81,4036.21,4061.8,6081392
2022-12-08,4062.92,4062.92,4026.04,4040.17,6450613
2022-12-09,4045.65,4054.41,4031.34,4045.72,10111589
2022-12-12,4048.26,4083,4031.92,4082.33,5096203
2022-12-13,4088.74,4148.61,4062.69,4144.54,7662745
2022-12-14,4138.77,4172.08,4133.78,4145.72,5124227
2022-12-15,4145.72,4145.72,4046.11,4055.73,12116357
2022-12-16,4047.55,4054.1,3992.16,4036.25,15864215
2022-12-19,4034.96,4071.29,4034.7,4050.78,7763116
2022-12-20,4045.42,4102.04,4019,4102.04,7069391
2022-12-21,4107.21,4140.12,4092.31,4139.11,5299817
2022-12-22,4144.48,4152.37,4114.62,4119.27,6620592
2022-12-23,4123.54,4129.9,4087.45,4099.89,5119059
2022-12-27,4096.39,4121.15,4055.39,4069.05,6698447
2022-12-28,4067.07,4071.16,4050.44,4069.27,8280085
2022-12-29,4065.92,4129.09,4062.78,4128.48,3990288
2022-12-30,4129.44,4158.9,4114.08,4154.32,6701517
2023-01-02,4175.99,4210.03,4168.56,4198.67,5785621
2023-01-03,4207.34,4323.68,4207.34,4303.33,13676800
2023-01-04,4314.46,4391.91,4314.46,4389.26,12162980
2023-01-05,4399.12,4457.05,4371.53,4397.18,12279185
2023-01-09,4429.38,4475.25,4420.44,4448.1,12230899
2023-01-10,4441.95,4462.95,4421.74,4448.73,10020931
2023-01-11,4457.39,4486.06,4392.85,4394.24,15267728
2023-01-12,4394.28,4445.44,4393.76,4427.26,12838830
2023-01-13,4430.12,4444.25,4395.66,4407.17,5476270
2023-01-16,4421.65,4426.63,4380.77,4413.34,5611598
2023-01-17,4419.69,4422.92,4345.24,4345.24,6892990
2023-01-18,4349.21,4372.61,4323.91,4328.56,7960577
2023-01-19,4328.43,4328.43,4267.19,4312.67,8138447
2023-01-20,4324.13,4367.81,4317.47,4355.86,5246715
2023-01-23,4373.22,4405.61,4360.29,4390,11225850
2023-01-24,4397.79,4446.29,4376.39,4380.85,13322207
2023-01-25,4387.79,4387.79,4294.15,4305.16,11068808
2023-01-26,4315.43,4358.82,4312.98,4339.21,7153024
2023-01-27,4346.15,4360.46,4336.93,4342.89,8207420
2023-01-30,4346.08,4346.08,4268.53,4270.71,6522649
2023-01-31,4281.07,4421.96,4276.53,4412,13084926
2023-02-01,4414.49,4426.71,4371.36,4374.2,16160760
2023-02-02,4405.53,4426.64,4375.76,4421.3,9955949
2023-02-03,4415.76,4445.17,4403.77,4434.36,8023313
2023-02-06,4431.3,4431.3,4361.53,4366.51,6709167
2023-02-07,4369.13,4386.79,4345.11,4376.62,5242395
2023-02-08,4382.79,4409.86,4382.79,4403.59,5548611
2023-02-09,4417.83,4491.92,4417.83,4472.59,5924526
2023-02-10,4474.27,4474.27,4367.81,4390.55,9631032
2023-02-13,4398.67,4413.54,4362.75,4381.81,7054660
2023-02-14,4386.62,4415.85,4384.61,4393.59,6966743
2023-02-15,4394.7,4411.73,4373.99,4409.48,4535988
2023-02-16,4426.12,4460.24,4389.72,4451.18,13711202
2023-02-17,4447.5,4447.5,4417.84,4441.12,3928644
2023-02-20,4452.78,4455.02,4425.59,4438,3511440
2023-02-21,4443.07,4452.12,4361.88,4373.65,4970083
2023-02-22,4370.89,4370.89,4307.93,4329.62,8101021
2023-02-23,4337.65,4376.13,4334.14,4373.67,6162687
2023-02-24,4383.31,4394.73,4340.46,4365.76,5560536
2023-02-27,4362.51,4384.37,4347.05,4367.48,4953667
2023-02-28,4373.4,4421.49,4350.43,4421.49,6766052
2023-03-01,4423.53,4478.83,4421.45,4462.97,7412547
2023-03-02,4462.5,4462.5,4402.97,4405.61,10870653
2023-03-03,4417.75,4465.04,4417.75,4454.68,8335117
2023-03-06,4468.38,4573.39,4468.38,4562.43,9482519
2023-03-07,4568.76,4609.33,4551.45,4586.61,10262976
2023-03-08,4581.81,4621.38,4567.7,4601.93,11816202
2023-03-09,4608.44,4657.37,4606.39,4636.65,10046596
2023-03-10,4609.98,4609.98,4529.47,4573.09,12458481
2023-03-13,4550.34,4592.54,4433.14,4490.73,11717399
2023-03-14,4479.43,4528.45,4462.59,4519.9,7558726
2023-03-15,4522.92,4547.23,4385.08,4388.34,11362628
2023-03-16,4392.23,4428.45,4344.7,4424.95,11990081
2023-03-17,4442.42,4469.06,4369.66,4416.11,19595068
2023-03-20,4411.87,4416.21,4330.49,4402.71,8010244
2023-03-21,4414.15,4484.49,4414.15,4428.26,8249311
2023-03-22,4436.88,4447.6,4397.61,4403,6727433
2023-03-23,4412.71,4422.07,4368.71,4412.03,5471908
2023-03-24,4414.41,4420.38,4341.18,4365.1,7917173
2023-03-27,4364.87,4398.5,4355.13,4378.61,5854437
2023-03-28,4385.29,4435.04,4385.29,4407.69,10829477
2023-03-29,4423.35,4439.85,4401.49,4408.75,11741875
2023-03-30,4420.36,4504.99,4420.36,4501.68,13038727
2023-03-31,4511.16,4517.04,4483.06,4504.04,8656938
2023-04-03,4507.7,4563.06,4482.62,4498.96,10939501
2023-04-04,4497.51,4527.21,4482.53,4505.95,8116382
2023-04-05,4509.24,4509.24,4468.56,4471.26,8474229
2023-04-06,4464.65,4488.86,4459.74,4474.1,4975918
2023-04-11,4473.32,4553.06,4473.32,4553.06,9531903
2023-04-12,4539.17,4556.33,4517.3,4547.61,10174946
2023-04-13,4547.04,4598.86,4545.57,4581.97,11457911
2023-04-14,4597.83,4628.94,4586.06,4588.54,14226352
2023-04-17,4594.5,4639.2,4594.5,4638.05,9689691
2023-04-18,4638.76,4683.53,4635.61,4660.99,8745148
2023-04-19,4655.94,4655.94,4622.03,4632.02,7514400
2023-04-20,4633.54,4667.28,4620.99,4624.93,10307684
2023-04-21,4616.82,4619.8,4584.24,4584.24,7087572
2023-04-24,4583.32,4599.52,4564.61,4590.76,7205387
2023-04-25,4592.26,4605.54,4570.92,4579.22,7277502
2023-04-26,4559.96,4575.17,4529.41,4543.14,7421257
2023-04-27,4536.5,4625.88,4536.5,4618.28,9119352
2023-04-28,4631.02,4659.98,4598.54,4600.36,6027642
2023-05-02,4622.14,4637.56,4579.82,4580.51,6221081
2023-05-04,4589.93,4600.8,4526.13,4528.92,10023535
2023-05-05,4512.78,4571.09,4488.56,4562.18,6813249
2023-05-08,4568.02,4659.34,4568.02,4635.88,10624850
2023-05-09,4645.32,4670.2,4628.63,4660.33,7632038
2023-05-10,4680.53,4708.16,4657.77,4692.15,15754166
2023-05-11,4691.24,4718.88,4653.24,4654.32,9905601
2023-05-12,4662.26,4676.11,4649.88,4671.81,15592499
2023-05-15,4668.95,4698.46,4651.05,4669.14,9909749
2023-05-16,4657.57,4682.34,4639.61,4672.59,7248880
2023-05-17,4674.92,4683.89,4631.2,4652.64,12671168
2023-05-18,4663.52,4703.13,4631.47,4644.45,9442484
2023-05-19,4658.72,4687.84,4645.23,4674.52,6103270
2023-05-22,4691.87,4766.7,4691.87,4758.59,12834686
2023-05-23,4765.77,4783.06,4741.82,4760.99,8139561
2023-05-24,4740.21,4740.21,4637.75,4652.1,9882026
2023-05-25,4664.69,4668.65,4587.64,4643.41,8146234
2023-05-26,4631.42,4689,4620.86,4685.19,4674913
2023-05-29,4690.06,4698.59,4671.59,4672.74,3405991
2023-05-30,4668.9,4669.48,4630.63,4635.57,6299627
2023-05-31,4630.43,4633.49,4521.17,4549.84,13047747
2023-06-01,4559.45,4612.1,4550.97,4610.96,6430779
2023-06-02,4625.27,4725.78,4621.91,4721.63,8606098
2023-06-05,4721.19,4754.58,4695.02,4709.96,7701952
2023-06-06,4712.65,4749.55,4710.25,4744.19,10349063
2023-06-07,4747.68,4752.85,4687.49,4711.76,8045665
2023-06-09,4724.11,4737.44,4717.56,4724.97,6318372
2023-06-12,4713.8,4714.13,4677.75,4689.79,5415642
2023-06-13,4688.44,4689.99,4616.1,4616.1,7455349
2023-06-14,4618.98,4712.7,4618.98,4691.4,17347831
2023-06-15,4692.17,4726.25,4669.94,4716.97,15686467
2023-06-16,4730.4,4749.2,4702.08,4722.38,14092606
2023-06-19,4716.08,4753.74,4711.08,4743,12874981
2023-06-20,4741.42,4743.79,4708.51,4728.91,7712407
2023-06-21,4732.03,4763.21,4727.26,4747.7,6613681
2023-06-22,4745.97,4808.77,4726.67,4785.09,6387433
2023-06-23,4780.22,4780.22,4742.07,4742.8,7103989
2023-06-26,4739.27,4784.02,4702.33,4765.37,7340747
2023-06-27,4778.22,4795.81,4723.78,4751.48,9102271
2023-06-28,4776.76,4801.38,4761.45,4798.95,10106730.001758
2023-06-29,4796.86,4851.46,4796.86,4848.04,11918590
2023-06-30,4851.84,4857.34,4808.18,4852.03,6687906
2023-07-03,4855.16,4877.12,4854.3,4870.1,6756759
2023-07-04,4888.05,4901.52,4870.16,4883.44,6341412.8776009
2023-07-05,4884.31,4886.82,4845.49,4860.49,8778410
2023-07-06,4861.89,4895.11,4811.21,4895.11,10712368
2023-07-07,4879.2,4925.8,4875.34,4916.57,8368237
2023-07-10,4911.16,4989.64,4903.6,4987.16,3361071
2023-07-11,4990.15,5009.19,4977.04,5000.64,5828409
2023-07-12,4995.6,5117.25,4995.6,5116.85,8021089
2023-07-13,5110.66,5120.94,5079.33,5087,7828710
2023-07-14,5084.7,5181.17,5084.7,5166.67,8509893
2023-07-17,5170.03,5282.78,5167.16,5256.51,49535179
2023-07-18,5263.74,5309.84,5263.37,5301.39,19661201
2023-07-19,5314.35,5339.95,5288.13,5303.11,13906130
2023-07-20,5301.09,5349.47,5276.84,5331.39,9759269.2518516
2023-07-21,5329.53,5331.19,5273.43,5324.51,8056810
2023-07-24,5332.55,5365.13,5326.09,5328.78,7714523
2023-07-25,5332.05,5366.17,5314.33,5346.03,10207822
2023-07-26,5345.64,5367.51,5289.79,5289.79,6952855
2023-07-27,5282.6,5313.15,5270.75,5281.26,10048666
2023-07-28,5289.2,5296.52,5268.5,5271.07,7962684
2023-07-31,5269.21,5363.67,5269.21,5350.36,12723352
2023-08-01,5353.68,5362.4,5321.25,5333.63,7755347
2023-08-02,5325.97,5325.97,5259.2,5264.91,8503664
2023-08-03,5262.5,5279.46,5235.45,5258.65,6368694
2023-08-04,5266.04,5306.27,5266.04,5284.68,5589857
2023-08-07,5285.06,5285.06,5203.95,5212.34,8378012
2023-08-08,5201.49,5210.15,5141.18,5161.03,6814474
2023-08-09,5174.7,5210.3,5155.07,5183.6,10222240
2023-08-10,5198.81,5221.54,5187.19,5201.74,10156381
2023-08-11,5203.86,5293.56,5185.96,5286.38,6288570
2023-08-14,5279.62,5306.4,5251.8,5299.64,6024268
2023-08-16,5301.61,5309.57,5211.33,5229.4,11682316
2023-08-17,5234.06,5256.44,5205.78,5224.3,7416409
2023-08-18,5225.41,5225.41,5176.2,5219.45,10010128
2023-08-21,5207.42,5257.61,5201.22,5254.37,12611957
2023-08-22,5250.41,5278.84,5248.68,5252.82,14194071
2023-08-23,5249.43,5274.07,5215.1,5225.3,10491197.511415
2023-08-24,5222.64,5246.57,5199.31,5207.55,6789113
2023-08-25,5199.31,5205.63,5147.93,5165.6,12988733
2023-08-28,5167.41,5216.5,5166.35,5201.8,10079138
2023-08-29,5212.26,5234.84,5176.21,5203.63,16420741
2023-08-30,5212.13,5227.73,5185.11,5200.38,4777156
2023-08-31,5199.82,5225.15,5166.72,5190.71,12403953
2023-09-01,5199.38,5212.41,5147.81,5181,12796005
2023-09-04,5180.66,5202.94,5140.67,5153.27,12390293
2023-09-05,5148.91,5160.37,5100.85,5124.42,7906755
2023-09-06,5110.84,5110.84,5002.27,5055.69,18827551
2023-09-07,5062.44,5062.44,4988.97,5019.82,11045553
2023-09-08,5027.73,5092.23,5027.73,5092.23,7789207
2023-09-11,5096.59,5130.24,5037.26,5072.97,6895109
2023-09-12,5075.83,5082.05,5036.55,5039.67,6195053
2023-09-13,5042.77,5074.06,5027.65,5072.82,5642322
2023-09-14,5078.66,5115.63,5064.25,5100.86,6490926
2023-09-15,5109.27,5125.22,5091.91,5091.91,11557486
2023-09-18,5095.81,5105.27,5029.94,5038.9,8453338
2023-09-19,5079.8,5086.45,5018.54,5033.34,6238972
2023-09-20,5036.09,5072.43,5030.48,5066.88,7296528
2023-09-21,5058.58,5058.58,4999.62,5031.43,6898419
2023-09-22,5029.87,5040.88,5004.56,5024.08,5961716
2023-09-25,5014.15,5039.92,4961.32,4967.08,5173757
2023-09-26,4963.2,4967.06,4915.07,4949.21,4681320
2023-09-27,4944.38,4962.67,4892.13,4892.13,4710916
2023-09-28,4898.87,4903.07,4843.81,4869.81,7264112
2023-09-29,4880.14,4958.36,4880.14,4936.38,7114346
2023-10-02,4940.77,4976.33,4869.04,4883.45,6112781
2023-10-03,4877.12,4877.12,4818.66,4823.34,10486955
2023-10-04,4817.8,4884.64,4801.1,4881.57,8366696
2023-10-05,4897.95,4908.82,4825.79,4825.79,7666722
2023-10-06,4831.73,4849.3,4794.77,4816.57,11929559
2023-10-09,4805.48,4903.69,4783.82,4893.11,7447297
2023-10-10,4904.03,5038.83,4904.03,5004.62,12209708
2023-10-11,5019.74,5065.37,5008.67,5027.27,18086555
2023-10-12,5046.22,5061.39,5009.95,5027.93,16627504
2023-10-13,5034.52,5080.84,5015.13,5049.72,22265588
2023-10-16,5089.58,5219.63,5089.58,5187.06,24803035
2023-10-17,5195.18,5316.07,5193.86,5289.51,22312608
2023-10-18,5283.05,5328.6,5225.56,5225.56,13073331
2023-10-19,5223.9,5223.9,5123.73,5136.98,10277395
2023-10-20,5126.25,5126.25,5034.37,5045.24,9901848
2023-10-23,5051.19,5056.44,5016.83,5035.45,13395253
2023-10-24,5040.73,5125.91,5040.73,5093.13,14341668
2023-10-25,5120.09,5173.67,5095.92,5153.16,9245334
2023-10-26,5117.49,5177.21,5095.24,5149.61,8230304
2023-10-27,5148.94,5170.19,5105.68,5106.49,7055765
2023-10-30,5121.08,5176.39,5121.08,5168.7,6487856
2023-10-31,5175.9,5196.72,5146.41,5167.24,10461534
2023-11-02,5183.81,5221.83,5158.13,5172.88,11391120
2023-11-03,5191,5257.98,5179.95,5244.41,9683145
2023-11-06,5250.55,5323.59,5250.55,5291.48,7454826
2023-11-07,5285.3,5290.3,5244.63,5251.87,8417848
2023-11-08,5252.88,5261.17,5204.83,5231.84,7210466
2023-11-09,5236.32,5280.98,5220.38,5280.98,9331974
2023-11-10,5283.86,5289.27,5221.14,5231.07,5757220
2023-11-13,5243.78,5255.93,5178.99,5178.99,7708539
2023-11-14,5190.92,5367.75,5190.92,5361.49,8919626
2023-11-15,5374.86,5410.57,5326.51,5333.29,10442331
2023-11-16,5340.74,5389.58,5327.54,5370.37,8038681
2023-11-17,5380.28,5410.3,5356.24,5395.8,6961652
2023-11-20,5393.87,5463.63,5391.35,5451.25,9411519
2023-11-21,5463.37,5506.8,5452.53,5494.9,8416237
2023-11-22,5498.66,5509.59,5467.26,5507.22,6069698
2023-11-23,5505.9,5563.44,5505.08,5534.84,6460708
2023-11-24,5544.08,5574.08,5517.31,5520.78,13012321
2023-11-27,5537.31,5557.59,5458.17,5512.11,11542416
2023-11-28,5510.12,5610.18,5509.05,5609.78,11505068
2023-11-29,5601.16,5609.97,5539.6,5571.54,18043685
2023-11-30,5559.86,5610.5,5530.84,5538.33,14322613
2023-12-01,5541.24,5652.51,5537.34,5644.39,12351254
2023-12-04,5647.36,5730.06,5647.36,5687.28,8522849
2023-12-05,5689.95,5768.84,5677.13,5728.67,10091290
2023-12-06,5735.46,5776.96,5723.71,5729.44,9251245
2023-12-07,5728.35,5728.35,5642.69,5677.61,9829330
2023-12-08,5676.52,5764.61,5676.52,5737.44,6661783
2023-12-11,5734.01,5794.6,5734.01,5768.84,7984686
2023-12-12,5776.1,5790.82,5719.37,5736.2,7430577
2023-12-13,5740.45,5747.43,5685.45,5718.92,6562524
2023-12-14,5745.61,5793.17,5745.61,5759.15,10998937
2023-12-15,5759.28,5884.5,5707.17,5759.63,17086848
2023-12-18,5778.8,5844.39,5778.8,5835.73,7522691
2023-12-19,5842.76,5887.56,5824.25,5879.55,8100385
2023-12-20,5884.94,5933.18,5870.87,5884.53,8176634
2023-12-21,5876.86,5880.79,5833.93,5880.79,8246652
2023-12-22,5874.07,5876.9,5844.89,5864.68,6787222
2023-12-27,5872.31,5883.49,5842.38,5847.11,11292429
2023-12-28,5849.55,5875.54,5836.06,5845.89,6761577
2023-12-29,5848.65,5853.96,5760.91,5785.21,8201503
